"","BarcodeSequence","LinkerPrimerSequence","ReverseBarcode","ReversePrimerSequence","PrimerCombo","Project","Site","Habitat","SampleType","Description"
"18S-bodega-bay_CC.SG.1.1.RS","GCTAGCCTTCGTCGC","TATGGTAATTCGGCTTGTCTCAAAGATTAAGCC","TCGGGTGTCCCGATC","AGTCAGCCAGTAGCCTGCTGCCTTCCTTGGA","18S.1","SeaGrass","Campbell Cove","Sea Grass","RawSediment","CC.SG.1.1.RS.RawSediment"
"18S-bodega-bay_CC.SG.1.2.RS","GCTAGCCTTCGTCGC","TATGGTAATTCGGCTTGTCTCAAAGATTAAGCC","TAGTATAGACAGATC","AGTCAGCCAGTAGCCTGCTGCCTTCCTTGGA","18S.2","SeaGrass","Campbell Cove","Sea Grass","RawSediment","CC.SG.1.2.RS.RawSediment"
"18S-bodega-bay_CC.SG.1.3.RS","GCTAGCCTTCGTCGC","TATGGTAATTCGGCTTGTCTCAAAGATTAAGCC","ATCTCTGGCATAATC","AGTCAGCCAGTAGCCTGCTGCCTTCCTTGGA","18S.3","SeaGrass","Campbell Cove","Sea Grass","RawSediment","CC.SG.1.3.RS.RawSediment"
"18S-bodega-bay_CC.B.1.1.RS","GCTAGCCTTCGTCGC","TATGGTAATTCGGCTTGTCTCAAAGATTAAGCC","TCATTCCAAACGATC","AGTCAGCCAGTAGCCTGCTGCCTTCCTTGGA","18S.4","SeaGrass","Campbell Cove","Bare Sediment","RawSediment","CC.B.1.1.RS.RawSediment"
"18S-bodega-bay_CC.B.1.2.RS","GCTAGCCTTCGTCGC","TATGGTAATTCGGCTTGTCTCAAAGATTAAGCC","TCATGAGTTCTTATC","AGTCAGCCAGTAGCCTGCTGCCTTCCTTGGA","18S.5","SeaGrass","Campbell Cove","Bare Sediment","RawSediment","CC.B.1.2.RS.RawSediment"
"18S-bodega-bay_CC.B.1.3.RS","GCTAGCCTTCGTCGC","TATGGTAATTCGGCTTGTCTCAAAGATTAAGCC","AAGACGATATCAATC","AGTCAGCCAGTAGCCTGCTGCCTTCCTTGGA","18S.6","SeaGrass","Campbell Cove","Bare Sediment","RawSediment","CC.B.1.3.RS.RawSediment"
"18S-bodega-bay_WP.SG.1.1.RS","GCTAGCCTTCGTCGC","TATGGTAATTCGGCTTGTCTCAAAGATTAAGCC","AGTAGGTCACCGATC","AGTCAGCCAGTAGCCTGCTGCCTTCCTTGGA","18S.7","SeaGrass","Westside Park","Sea Grass","RawSediment","WP.SG.1.1.RS.RawSediment"
"18S-bodega-bay_WP.SG.1.2.RS","GCTAGCCTTCGTCGC","TATGGTAATTCGGCTTGTCTCAAAGATTAAGCC","TATACGCGCATTATC","AGTCAGCCAGTAGCCTGCTGCCTTCCTTGGA","18S.8","SeaGrass","Westside Park","Sea Grass","RawSediment","WP.SG.1.2.RS.RawSediment"
"18S-bodega-bay_WP.SG.1.3.RS","GCTAGCCTTCGTCGC","TATGGTAATTCGGCTTGTCTCAAAGATTAAGCC","TCAAGAATCAAGATC","AGTCAGCCAGTAGCCTGCTGCCTTCCTTGGA","18S.9","SeaGrass","Westside Park","Sea Grass","RawSediment","WP.SG.1.3.RS.RawSediment"
"18S-bodega-bay_Blank1.RS","GCTAGCCTTCGTCGC","TATGGTAATTCGGCTTGTCTCAAAGATTAAGCC","CTTCAAGATTTCATC","AGTCAGCCAGTAGCCTGCTGCCTTCCTTGGA","18S.10","SeaGrass","Blank","Blank","SedimentBlank","Blank1.RS.SedimentBlank"
"18S-bodega-bay_MM.SG.1.1.RS","GCTAGCCTTCGTCGC","TATGGTAATTCGGCTTGTCTCAAAGATTAAGCC","GAACTGTATCTCATC","AGTCAGCCAGTAGCCTGCTGCCTTCCTTGGA","18S.11","SeaGrass","Mason's Marina","Sea Grass","RawSediment","MM.SG.1.1.RS.RawSediment"
"18S-bodega-bay_MM.SG.1.2.RS","GCTAGCCTTCGTCGC","TATGGTAATTCGGCTTGTCTCAAAGATTAAGCC","ATGAGACTCCACATC","AGTCAGCCAGTAGCCTGCTGCCTTCCTTGGA","18S.12","SeaGrass","Mason's Marina","Sea Grass","RawSediment","MM.SG.1.2.RS.RawSediment"
"18S-bodega-bay_MM.SG.1.3.RS","GCTAGCCTTCGTCGC","TATGGTAATTCGGCTTGTCTCAAAGATTAAGCC","AAGGTGTAAGGTATC","AGTCAGCCAGTAGCCTGCTGCCTTCCTTGGA","18S.13","SeaGrass","Mason's Marina","Sea Grass","RawSediment","MM.SG.1.3.RS.RawSediment"
"18S-bodega-bay_MM.B.1.1.RS","GCTAGCCTTCGTCGC","TATGGTAATTCGGCTTGTCTCAAAGATTAAGCC","CCGGCGAGATTAATC","AGTCAGCCAGTAGCCTGCTGCCTTCCTTGGA","18S.14","SeaGrass","Mason's Marina","Bare Sediment","RawSediment","MM.B.1.1.RS.RawSediment"
"18S-bodega-bay_MM.B.1.2.RS","GCTAGCCTTCGTCGC","TATGGTAATTCGGCTTGTCTCAAAGATTAAGCC","TTGCCACTAGATATC","AGTCAGCCAGTAGCCTGCTGCCTTCCTTGGA","18S.15","SeaGrass","Mason's Marina","Bare Sediment","RawSediment","MM.B.1.2.RS.RawSediment"
"18S-bodega-bay_MM.B.1.3.RS","GCTAGCCTTCGTCGC","TATGGTAATTCGGCTTGTCTCAAAGATTAAGCC","GTCGTTAAGCGTATC","AGTCAGCCAGTAGCCTGCTGCCTTCCTTGGA","18S.16","SeaGrass","Mason's Marina","Bare Sediment","RawSediment","MM.B.1.3.RS.RawSediment"
"18S-bodega-bay_MM.B.2.1.RS","GCTAGCCTTCGTCGC","TATGGTAATTCGGCTTGTCTCAAAGATTAAGCC","ATGGTCTACTACATC","AGTCAGCCAGTAGCCTGCTGCCTTCCTTGGA","18S.25","SeaGrass","Mason's Marina","Bare Sediment","RawSediment","MM.B.2.1.RS.RawSediment"
"18S-bodega-bay_MM.B.2.2.RS","GCTTCCATACCGGAA","TATGGTAATTCGGCTTGTCTCAAAGATTAAGCC","TCGGGTGTCCCGATC","AGTCAGCCAGTAGCCTGCTGCCTTCCTTGGA","18S.26","SeaGrass","Mason's Marina","Bare Sediment","RawSediment","MM.B.2.2.RS.RawSediment"
"18S-bodega-bay_MM.B.2.3.RS","GCTTCCATACCGGAA","TATGGTAATTCGGCTTGTCTCAAAGATTAAGCC","TAGTATAGACAGATC","AGTCAGCCAGTAGCCTGCTGCCTTCCTTGGA","18S.27","SeaGrass","Mason's Marina","Bare Sediment","RawSediment","MM.B.2.3.RS.RawSediment"
"18S-bodega-bay_Blank2.RS","GCTTCCATACCGGAA","TATGGTAATTCGGCTTGTCTCAAAGATTAAGCC","ATCTCTGGCATAATC","AGTCAGCCAGTAGCCTGCTGCCTTCCTTGGA","18S.28","SeaGrass","Blank","Blank","SedimentBlank","Blank2.RS.SedimentBlank"
"18S-bodega-bay_WP.MFL.1.1.RS","GCTTCCATACCGGAA","TATGGTAATTCGGCTTGTCTCAAAGATTAAGCC","TCATTCCAAACGATC","AGTCAGCCAGTAGCCTGCTGCCTTCCTTGGA","18S.29","SeaGrass","Westside Park","Bare Sediment","RawSediment","WP.MFL.1.1.RS.RawSediment"
"18S-bodega-bay_WP.MFL.1.2.RS","GCTTCCATACCGGAA","TATGGTAATTCGGCTTGTCTCAAAGATTAAGCC","TCATGAGTTCTTATC","AGTCAGCCAGTAGCCTGCTGCCTTCCTTGGA","18S.30","SeaGrass","Westside Park","Bare Sediment","RawSediment","WP.MFL.1.2.RS.RawSediment"
"18S-bodega-bay_WP.MFL.1.3.RS","GCTTCCATACCGGAA","TATGGTAATTCGGCTTGTCTCAAAGATTAAGCC","AAGACGATATCAATC","AGTCAGCCAGTAGCCTGCTGCCTTCCTTGGA","18S.31","SeaGrass","Westside Park","Bare Sediment","RawSediment","WP.MFL.1.3.RS.RawSediment"
"18S-bodega-bay_WP.MFH.1.1.RS","GCTTCCATACCGGAA","TATGGTAATTCGGCTTGTCTCAAAGATTAAGCC","AGTAGGTCACCGATC","AGTCAGCCAGTAGCCTGCTGCCTTCCTTGGA","18S.32","SeaGrass","Westside Park","Bare Sediment","RawSediment","WP.MFH.1.1.RS.RawSediment"
"18S-bodega-bay_WP.MFH.1.2.RS","GCTCGCGCCTTAAAC","TATGGTAATTCGGCTTGTCTCAAAGATTAAGCC","AAGGTGTAAGGTATC","AGTCAGCCAGTAGCCTGCTGCCTTCCTTGGA","18S.113","SeaGrass","Westside Park","Bare Sediment","RawSediment","WP.MFH.1.2.RS.RawSediment"
"18S-bodega-bay_WP.MFH.1.3.RS","GCTCGCGCCTTAAAC","TATGGTAATTCGGCTTGTCTCAAAGATTAAGCC","CCGGCGAGATTAATC","AGTCAGCCAGTAGCCTGCTGCCTTCCTTGGA","18S.114","SeaGrass","Westside Park","Bare Sediment","RawSediment","WP.MFH.1.3.RS.RawSediment"
"18S-bodega-bay_WP.SG.2.1.RS","GCTCGCGCCTTAAAC","TATGGTAATTCGGCTTGTCTCAAAGATTAAGCC","TTGCCACTAGATATC","AGTCAGCCAGTAGCCTGCTGCCTTCCTTGGA","18S.115","SeaGrass","Westside Park","Sea Grass","RawSediment","WP.SG.2.1.RS.RawSediment"
"18S-bodega-bay_WP.SG.2.2.RS","GCTCGCGCCTTAAAC","TATGGTAATTCGGCTTGTCTCAAAGATTAAGCC","GTCGTTAAGCGTATC","AGTCAGCCAGTAGCCTGCTGCCTTCCTTGGA","18S.116","SeaGrass","Westside Park","Sea Grass","RawSediment","WP.SG.2.2.RS.RawSediment"
"18S-bodega-bay_WP.SG.2.3.RS","GCTCGCGCCTTAAAC","TATGGTAATTCGGCTTGTCTCAAAGATTAAGCC","CCATAATCCGTAATC","AGTCAGCCAGTAGCCTGCTGCCTTCCTTGGA","18S.117","SeaGrass","Westside Park","Sea Grass","RawSediment","WP.SG.2.3.RS.RawSediment"
"18S-bodega-bay_Blank3.RS","GCTCGCGCCTTAAAC","TATGGTAATTCGGCTTGTCTCAAAGATTAAGCC","TCTTGCATGTATATC","AGTCAGCCAGTAGCCTGCTGCCTTCCTTGGA","18S.118","SeaGrass","Blank","Blank","SedimentBlank","Blank3.RS.SedimentBlank"
"18S-bodega-bay_WP.MFL.2.1.1.RS","GCTAGCCCTGCTACA","TATGGTAATTCGGCTTGTCTCAAAGATTAAGCC","ATCTCTGGCATAATC","AGTCAGCCAGTAGCCTGCTGCCTTCCTTGGA","18S.53","SeaGrass","Westside Park","Bare Sediment","RawSediment","WP.MFL.2.1.1.RS.RawSediment"
"18S-bodega-bay_WP.MFL.2.2.1.RS","GCTAGCCCTGCTACA","TATGGTAATTCGGCTTGTCTCAAAGATTAAGCC","TCATTCCAAACGATC","AGTCAGCCAGTAGCCTGCTGCCTTCCTTGGA","18S.54","SeaGrass","Westside Park","Bare Sediment","RawSediment","WP.MFL.2.2.1.RS.RawSediment"
"18S-bodega-bay_WP.MFL.2.3.1.RS","GCTAGCCCTGCTACA","TATGGTAATTCGGCTTGTCTCAAAGATTAAGCC","TCATGAGTTCTTATC","AGTCAGCCAGTAGCCTGCTGCCTTCCTTGGA","18S.55","SeaGrass","Westside Park","Bare Sediment","RawSediment","WP.MFL.2.3.1.RS.RawSediment"
"18S-bodega-bay_Blank4.RS","GCTTATGGTACCCAG","TATGGTAATTCGGCTTGTCTCAAAGATTAAGCC","TTCTGCACTAAGATC","AGTCAGCCAGTAGCCTGCTGCCTTCCTTGGA","18S.144","SeaGrass","Blank","Blank","SedimentBlank","Blank4.RS.SedimentBlank"
"18S-bodega-bay_WP.SG.3.1.RS","GCTTATGGTACCCAG","TATGGTAATTCGGCTTGTCTCAAAGATTAAGCC","CGGCGCAAGATTATC","AGTCAGCCAGTAGCCTGCTGCCTTCCTTGGA","18S.145","SeaGrass","Westside Park","Sea Grass","RawSediment","WP.SG.3.1.RS.RawSediment"
"18S-bodega-bay_WP.SG.3.2.RS","GCTTATGGTACCCAG","TATGGTAATTCGGCTTGTCTCAAAGATTAAGCC","TTCCCTGATCCTATC","AGTCAGCCAGTAGCCTGCTGCCTTCCTTGGA","18S.146","SeaGrass","Westside Park","Sea Grass","RawSediment","WP.SG.3.2.RS.RawSediment"
"18S-bodega-bay_WP.SG.3.3.RS","GCTTATGGTACCCAG","TATGGTAATTCGGCTTGTCTCAAAGATTAAGCC","ACCCTAGTTATTATC","AGTCAGCCAGTAGCCTGCTGCCTTCCTTGGA","18S.147","SeaGrass","Westside Park","Sea Grass","RawSediment","WP.SG.3.3.RS.RawSediment"
"18S-bodega-bay_WP.MFH.2.1.1.RS","GCTAGCCCTGCTACA","TATGGTAATTCGGCTTGTCTCAAAGATTAAGCC","AAGACGATATCAATC","AGTCAGCCAGTAGCCTGCTGCCTTCCTTGGA","18S.56","SeaGrass","Westside Park","Bare Sediment","RawSediment","WP.MFH.2.1.1.RS.RawSediment"
"18S-bodega-bay_WP.MFH.2.2.RS","GCTTATGGTACCCAG","TATGGTAATTCGGCTTGTCTCAAAGATTAAGCC","CTTAGCACATCAATC","AGTCAGCCAGTAGCCTGCTGCCTTCCTTGGA","18S.149","SeaGrass","Westside Park","Bare Sediment","RawSediment","WP.MFH.2.2.RS.RawSediment"
"18S-bodega-bay_WP.MFH.2.3.RS","GCTTATGGTACCCAG","TATGGTAATTCGGCTTGTCTCAAAGATTAAGCC","ATGGTCTACTACATC","AGTCAGCCAGTAGCCTGCTGCCTTCCTTGGA","18S.150","SeaGrass","Westside Park","Bare Sediment","RawSediment","WP.MFH.2.3.RS.RawSediment"
"18S-bodega-bay_Blank5.RS","GCTAATTTAGGTAGG","TATGGTAATTCGGCTTGTCTCAAAGATTAAGCC","TATACGCGCATTATC","AGTCAGCCAGTAGCCTGCTGCCTTCCTTGGA","18S.183","SeaGrass","Blank","Blank","SedimentBlank","Blank5.RS.SedimentBlank"
"18S-bodega-bay_MM.SG.2.1.RS","GCTAATTTAGGTAGG","TATGGTAATTCGGCTTGTCTCAAAGATTAAGCC","TCAAGAATCAAGATC","AGTCAGCCAGTAGCCTGCTGCCTTCCTTGGA","18S.184","SeaGrass","Mason's Marina","Sea Grass","RawSediment","MM.SG.2.1.RS.RawSediment"
"18S-bodega-bay_MM.SG.2.2.RS","GCTAATTTAGGTAGG","TATGGTAATTCGGCTTGTCTCAAAGATTAAGCC","CTTCAAGATTTCATC","AGTCAGCCAGTAGCCTGCTGCCTTCCTTGGA","18S.185","SeaGrass","Mason's Marina","Sea Grass","RawSediment","MM.SG.2.2.RS.RawSediment"
"18S-bodega-bay_MM.SG.2.3.RS","GCTAATTTAGGTAGG","TATGGTAATTCGGCTTGTCTCAAAGATTAAGCC","GAACTGTATCTCATC","AGTCAGCCAGTAGCCTGCTGCCTTCCTTGGA","18S.186","SeaGrass","Mason's Marina","Sea Grass","RawSediment","MM.SG.2.3.RS.RawSediment"
"18S-bodega-bay_CC.B.2.1.RS","GCTAATTTAGGTAGG","TATGGTAATTCGGCTTGTCTCAAAGATTAAGCC","ATGAGACTCCACATC","AGTCAGCCAGTAGCCTGCTGCCTTCCTTGGA","18S.187","SeaGrass","Campbell Cove","Bare Sediment","RawSediment","CC.B.2.1.RS.RawSediment"
"18S-bodega-bay_CC.B.2.2.RS","GCTAATTTAGGTAGG","TATGGTAATTCGGCTTGTCTCAAAGATTAAGCC","AAGGTGTAAGGTATC","AGTCAGCCAGTAGCCTGCTGCCTTCCTTGGA","18S.188","SeaGrass","Campbell Cove","Bare Sediment","RawSediment","CC.B.2.2.RS.RawSediment"
"18S-bodega-bay_CC.B.2.3.1.RS","GCTAGCCCTGCTACA","TATGGTAATTCGGCTTGTCTCAAAGATTAAGCC","AGTAGGTCACCGATC","AGTCAGCCAGTAGCCTGCTGCCTTCCTTGGA","18S.57","SeaGrass","Campbell Cove","Bare Sediment","RawSediment","CC.B.2.3.1.RS.RawSediment"
"18S-bodega-bay_Blank6.RS","GCTAATTTAGGTAGG","TATGGTAATTCGGCTTGTCTCAAAGATTAAGCC","TTGCCACTAGATATC","AGTCAGCCAGTAGCCTGCTGCCTTCCTTGGA","18S.190","SeaGrass","Blank","Blank","SedimentBlank","Blank6.RS.SedimentBlank"
"18S-bodega-bay_CC.SG.2.1.RS","GCTGACTCAACCAGT","TATGGTAATTCGGCTTGTCTCAAAGATTAAGCC","GCTGCTGCAATAATC","AGTCAGCCAGTAGCCTGCTGCCTTCCTTGGA","18S.223","SeaGrass","Campbell Cove","Sea Grass","RawSediment","CC.SG.2.1.RS.RawSediment"
"18S-bodega-bay_CC.SG.2.2.RS","GCTGACTCAACCAGT","TATGGTAATTCGGCTTGTCTCAAAGATTAAGCC","CTTAGCACATCAATC","AGTCAGCCAGTAGCCTGCTGCCTTCCTTGGA","18S.224","SeaGrass","Campbell Cove","Sea Grass","RawSediment","CC.SG.2.2.RS.RawSediment"
"18S-bodega-bay_CC.SG.2.3.RS","GCTGACTCAACCAGT","TATGGTAATTCGGCTTGTCTCAAAGATTAAGCC","ATGGTCTACTACATC","AGTCAGCCAGTAGCCTGCTGCCTTCCTTGGA","18S.225","SeaGrass","Campbell Cove","Sea Grass","RawSediment","CC.SG.2.3.RS.RawSediment"
"18S-bodega-bay_MM.B.3.1.RS","GCTGCCTCTACGTCG","TATGGTAATTCGGCTTGTCTCAAAGATTAAGCC","TCGGGTGTCCCGATC","AGTCAGCCAGTAGCCTGCTGCCTTCCTTGGA","18S.226","SeaGrass","Mason's Marina","Bare Sediment","RawSediment","MM.B.3.1.RS.RawSediment"
"18S-bodega-bay_MM.B.3.2.RS","GCTGCCTCTACGTCG","TATGGTAATTCGGCTTGTCTCAAAGATTAAGCC","TAGTATAGACAGATC","AGTCAGCCAGTAGCCTGCTGCCTTCCTTGGA","18S.227","SeaGrass","Mason's Marina","Bare Sediment","RawSediment","MM.B.3.2.RS.RawSediment"
"18S-bodega-bay_MM.B.3.3.RS","GCTGCCTCTACGTCG","TATGGTAATTCGGCTTGTCTCAAAGATTAAGCC","ATCTCTGGCATAATC","AGTCAGCCAGTAGCCTGCTGCCTTCCTTGGA","18S.228","SeaGrass","Mason's Marina","Bare Sediment","RawSediment","MM.B.3.3.RS.RawSediment"
"18S-bodega-bay_Blank7.RS","GCTGCCTCTACGTCG","TATGGTAATTCGGCTTGTCTCAAAGATTAAGCC","TCATTCCAAACGATC","AGTCAGCCAGTAGCCTGCTGCCTTCCTTGGA","18S.229","SeaGrass","Blank","Blank","SedimentBlank","Blank7.RS.SedimentBlank"
"18S-bodega-bay_CC.SG.3.1.RS","GCTGCCTCTACGTCG","TATGGTAATTCGGCTTGTCTCAAAGATTAAGCC","TCATGAGTTCTTATC","AGTCAGCCAGTAGCCTGCTGCCTTCCTTGGA","18S.230","SeaGrass","Campbell Cove","Sea Grass","RawSediment","CC.SG.3.1.RS.RawSediment"
"18S-bodega-bay_CC.SG.3.2.RS","GCTACTCGCTCGCTG","TATGGTAATTCGGCTTGTCTCAAAGATTAAGCC","TCGGGTGTCCCGATC","AGTCAGCCAGTAGCCTGCTGCCTTCCTTGGA","18S.351","SeaGrass","Campbell Cove","Sea Grass","RawSediment","CC.SG.3.2.RS.RawSediment"
"18S-bodega-bay_CC.SG.3.3.RS","GCTACTCGCTCGCTG","TATGGTAATTCGGCTTGTCTCAAAGATTAAGCC","TAGTATAGACAGATC","AGTCAGCCAGTAGCCTGCTGCCTTCCTTGGA","18S.352","SeaGrass","Campbell Cove","Sea Grass","RawSediment","CC.SG.3.3.RS.RawSediment"
"18S-bodega-bay_MM.SG.3.1.RS","GCTACTCGCTCGCTG","TATGGTAATTCGGCTTGTCTCAAAGATTAAGCC","ATCTCTGGCATAATC","AGTCAGCCAGTAGCCTGCTGCCTTCCTTGGA","18S.353","SeaGrass","Mason's Marina","Sea Grass","RawSediment","MM.SG.3.1.RS.RawSediment"
"18S-bodega-bay_MM.SG.3.2.RS","GCTACTCGCTCGCTG","TATGGTAATTCGGCTTGTCTCAAAGATTAAGCC","TCATTCCAAACGATC","AGTCAGCCAGTAGCCTGCTGCCTTCCTTGGA","18S.354","SeaGrass","Mason's Marina","Sea Grass","RawSediment","MM.SG.3.2.RS.RawSediment"
"18S-bodega-bay_MM.SG.3.3.RS","GCTACTCGCTCGCTG","TATGGTAATTCGGCTTGTCTCAAAGATTAAGCC","TCATGAGTTCTTATC","AGTCAGCCAGTAGCCTGCTGCCTTCCTTGGA","18S.355","SeaGrass","Mason's Marina","Sea Grass","RawSediment","MM.SG.3.3.RS.RawSediment"
"18S-bodega-bay_WP.MFH.3.1.1.RS","GCTAGCCCTGCTACA","TATGGTAATTCGGCTTGTCTCAAAGATTAAGCC","TATACGCGCATTATC","AGTCAGCCAGTAGCCTGCTGCCTTCCTTGGA","18S.58","SeaGrass","Westside Park","Bare Sediment","RawSediment","WP.MFH.3.1.1.RS.RawSediment"
"18S-bodega-bay_WP.MFH.3.2.RS","GCTACTCGCTCGCTG","TATGGTAATTCGGCTTGTCTCAAAGATTAAGCC","AGTAGGTCACCGATC","AGTCAGCCAGTAGCCTGCTGCCTTCCTTGGA","18S.357","SeaGrass","Westside Park","Bare Sediment","RawSediment","WP.MFH.3.2.RS.RawSediment"
"18S-bodega-bay_WP.MFH.3.3.RS","GCTACTCGCTCGCTG","TATGGTAATTCGGCTTGTCTCAAAGATTAAGCC","TATACGCGCATTATC","AGTCAGCCAGTAGCCTGCTGCCTTCCTTGGA","18S.358","SeaGrass","Westside Park","Bare Sediment","RawSediment","WP.MFH.3.3.RS.RawSediment"
"18S-bodega-bay_Blank8.RS","GCTTTCCTTAGTAGT","TATGGTAATTCGGCTTGTCTCAAAGATTAAGCC","GTCGTTAAGCGTATC","AGTCAGCCAGTAGCCTGCTGCCTTCCTTGGA","18S.391","SeaGrass","Blank","Blank","SedimentBlank","Blank8.RS.SedimentBlank"
"18S-bodega-bay_WP.MFL.3.1.RS","GCTTTCCTTAGTAGT","TATGGTAATTCGGCTTGTCTCAAAGATTAAGCC","CCATAATCCGTAATC","AGTCAGCCAGTAGCCTGCTGCCTTCCTTGGA","18S.392","SeaGrass","Westside Park","Bare Sediment","RawSediment","WP.MFL.3.1.RS.RawSediment"
"18S-bodega-bay_WP.MFL.3.2.RS","GCTTTCCTTAGTAGT","TATGGTAATTCGGCTTGTCTCAAAGATTAAGCC","TCTTGCATGTATATC","AGTCAGCCAGTAGCCTGCTGCCTTCCTTGGA","18S.393","SeaGrass","Westside Park","Bare Sediment","RawSediment","WP.MFL.3.2.RS.RawSediment"
"18S-bodega-bay_WP.MFL.3.3.RS","GCTTTCCTTAGTAGT","TATGGTAATTCGGCTTGTCTCAAAGATTAAGCC","TTCTGCACTAAGATC","AGTCAGCCAGTAGCCTGCTGCCTTCCTTGGA","18S.394","SeaGrass","Westside Park","Bare Sediment","RawSediment","WP.MFL.3.3.RS.RawSediment"
"18S-bodega-bay_WP.MFL.4.1.1.RS","GCTAGCCCTGCTACA","TATGGTAATTCGGCTTGTCTCAAAGATTAAGCC","TCAAGAATCAAGATC","AGTCAGCCAGTAGCCTGCTGCCTTCCTTGGA","18S.59","SeaGrass","Westside Park","Bare Sediment","RawSediment","WP.MFL.4.1.1.RS.RawSediment"
"18S-bodega-bay_WP.MFL.4.2.RS","GCTTTCCTTAGTAGT","TATGGTAATTCGGCTTGTCTCAAAGATTAAGCC","TTCCCTGATCCTATC","AGTCAGCCAGTAGCCTGCTGCCTTCCTTGGA","18S.396","SeaGrass","Westside Park","Bare Sediment","RawSediment","WP.MFL.4.2.RS.RawSediment"
"18S-bodega-bay_WP.MFL.4.3.1.2.RS","GCTAGCCCTGCTACA","TATGGTAATTCGGCTTGTCTCAAAGATTAAGCC","AAGGTGTAAGGTATC","AGTCAGCCAGTAGCCTGCTGCCTTCCTTGGA","18S.63","SeaGrass","Westside Park","Bare Sediment","RawSediment","WP.MFL.4.3.1.2.RS.RawSediment"
"18S-bodega-bay_CC.B.3.1.RS","GCTTTCCTTAGTAGT","TATGGTAATTCGGCTTGTCTCAAAGATTAAGCC","GCTGCTGCAATAATC","AGTCAGCCAGTAGCCTGCTGCCTTCCTTGGA","18S.398","SeaGrass","Campbell Cove","Bare Sediment","RawSediment","CC.B.3.1.RS.RawSediment"
"18S-bodega-bay_CC.B.3.2.RS","GCTGCCTATGAGATC","TATGGTAATTCGGCTTGTCTCAAAGATTAAGCC","TTCTGCACTAAGATC","AGTCAGCCAGTAGCCTGCTGCCTTCCTTGGA","18S.519","SeaGrass","Campbell Cove","Bare Sediment","RawSediment","CC.B.3.2.RS.RawSediment"
"18S-bodega-bay_CC.B.3.3.RS","GCTGCCTATGAGATC","TATGGTAATTCGGCTTGTCTCAAAGATTAAGCC","CGGCGCAAGATTATC","AGTCAGCCAGTAGCCTGCTGCCTTCCTTGGA","18S.520","SeaGrass","Campbell Cove","Bare Sediment","RawSediment","CC.B.3.3.RS.RawSediment"
"18S-bodega-bay_Blank9.RS","GCTGCCTATGAGATC","TATGGTAATTCGGCTTGTCTCAAAGATTAAGCC","TTCCCTGATCCTATC","AGTCAGCCAGTAGCCTGCTGCCTTCCTTGGA","18S.521","SeaGrass","Blank","Blank","SedimentBlank","Blank9.RS.SedimentBlank"
"18S-bodega-bay_WP.SG.4.1.RS","GCTGCCTATGAGATC","TATGGTAATTCGGCTTGTCTCAAAGATTAAGCC","ACCCTAGTTATTATC","AGTCAGCCAGTAGCCTGCTGCCTTCCTTGGA","18S.522","SeaGrass","Westside Park","Sea Grass","RawSediment","WP.SG.4.1.RS.RawSediment"
"18S-bodega-bay_WP.SG.4.2.RS","GCTGCCTATGAGATC","TATGGTAATTCGGCTTGTCTCAAAGATTAAGCC","GCTGCTGCAATAATC","AGTCAGCCAGTAGCCTGCTGCCTTCCTTGGA","18S.523","SeaGrass","Westside Park","Sea Grass","RawSediment","WP.SG.4.2.RS.RawSediment"
"18S-bodega-bay_WP.SG.4.3.RS","GCTGCCTATGAGATC","TATGGTAATTCGGCTTGTCTCAAAGATTAAGCC","CTTAGCACATCAATC","AGTCAGCCAGTAGCCTGCTGCCTTCCTTGGA","18S.524","SeaGrass","Westside Park","Sea Grass","RawSediment","WP.SG.4.3.RS.RawSediment"
"18S-bodega-bay_CC.B.4.1.RS","GCTGCCTATGAGATC","TATGGTAATTCGGCTTGTCTCAAAGATTAAGCC","ATGGTCTACTACATC","AGTCAGCCAGTAGCCTGCTGCCTTCCTTGGA","18S.525","SeaGrass","Campbell Cove","Bare Sediment","RawSediment","CC.B.4.1.RS.RawSediment"
"18S-bodega-bay_CC.B.4.2.RS","GCTCAAGTGAAGGGA","TATGGTAATTCGGCTTGTCTCAAAGATTAAGCC","TCGGGTGTCCCGATC","AGTCAGCCAGTAGCCTGCTGCCTTCCTTGGA","18S.526","SeaGrass","Campbell Cove","Bare Sediment","RawSediment","CC.B.4.2.RS.RawSediment"
"18S-bodega-bay_CC.B.4.3.RS","GCTCACGTTTATTCC","TATGGTAATTCGGCTTGTCTCAAAGATTAAGCC","CCATAATCCGTAATC","AGTCAGCCAGTAGCCTGCTGCCTTCCTTGGA","18S.567","SeaGrass","Campbell Cove","Bare Sediment","RawSediment","CC.B.4.3.RS.RawSediment"
"18S-bodega-bay_Blank10.RS","GCTCACGTTTATTCC","TATGGTAATTCGGCTTGTCTCAAAGATTAAGCC","TCTTGCATGTATATC","AGTCAGCCAGTAGCCTGCTGCCTTCCTTGGA","18S.568","SeaGrass","Blank","Blank","SedimentBlank","Blank10.RS.SedimentBlank"
"18S-bodega-bay_MM.SG.4.1.RS","GCTCACGTTTATTCC","TATGGTAATTCGGCTTGTCTCAAAGATTAAGCC","TTCTGCACTAAGATC","AGTCAGCCAGTAGCCTGCTGCCTTCCTTGGA","18S.569","SeaGrass","Mason's Marina","Sea Grass","RawSediment","MM.SG.4.1.RS.RawSediment"
"18S-bodega-bay_MM.SG.4.2.RS","GCTCACGTTTATTCC","TATGGTAATTCGGCTTGTCTCAAAGATTAAGCC","CGGCGCAAGATTATC","AGTCAGCCAGTAGCCTGCTGCCTTCCTTGGA","18S.570","SeaGrass","Mason's Marina","Sea Grass","RawSediment","MM.SG.4.2.RS.RawSediment"
"18S-bodega-bay_MM.SG.4.3.RS","GCTCACGTTTATTCC","TATGGTAATTCGGCTTGTCTCAAAGATTAAGCC","TTCCCTGATCCTATC","AGTCAGCCAGTAGCCTGCTGCCTTCCTTGGA","18S.571","SeaGrass","Mason's Marina","Sea Grass","RawSediment","MM.SG.4.3.RS.RawSediment"
"18S-bodega-bay_WP.MFH.4.1.1.RS","GCTAGCCCTGCTACA","TATGGTAATTCGGCTTGTCTCAAAGATTAAGCC","GAACTGTATCTCATC","AGTCAGCCAGTAGCCTGCTGCCTTCCTTGGA","18S.61","SeaGrass","Westside Park","Bare Sediment","RawSediment","WP.MFH.4.1.1.RS.RawSediment"
"18S-bodega-bay_WP.MFH.4.2.RS","GCTCACGTTTATTCC","TATGGTAATTCGGCTTGTCTCAAAGATTAAGCC","GCTGCTGCAATAATC","AGTCAGCCAGTAGCCTGCTGCCTTCCTTGGA","18S.573","SeaGrass","Westside Park","Bare Sediment","RawSediment","WP.MFH.4.2.RS.RawSediment"
"18S-bodega-bay_WP.MFH.4.3.RS","GCTCACGTTTATTCC","TATGGTAATTCGGCTTGTCTCAAAGATTAAGCC","CTTAGCACATCAATC","AGTCAGCCAGTAGCCTGCTGCCTTCCTTGGA","18S.574","SeaGrass","Westside Park","Bare Sediment","RawSediment","WP.MFH.4.3.RS.RawSediment"
"18S-bodega-bay_MM.B.4.1.RS","GCTTAATCGGTGCCA","TATGGTAATTCGGCTTGTCTCAAAGATTAAGCC","TCAAGAATCAAGATC","AGTCAGCCAGTAGCCTGCTGCCTTCCTTGGA","18S.584","SeaGrass","Mason's Marina","Bare Sediment","RawSediment","MM.B.4.1.RS.RawSediment"
"18S-bodega-bay_MM.B.4.2.RS","GCTTAATCGGTGCCA","TATGGTAATTCGGCTTGTCTCAAAGATTAAGCC","CTTCAAGATTTCATC","AGTCAGCCAGTAGCCTGCTGCCTTCCTTGGA","18S.585","SeaGrass","Mason's Marina","Bare Sediment","RawSediment","MM.B.4.2.RS.RawSediment"
"18S-bodega-bay_MM.B.4.3.RS","GCTTAATCGGTGCCA","TATGGTAATTCGGCTTGTCTCAAAGATTAAGCC","GAACTGTATCTCATC","AGTCAGCCAGTAGCCTGCTGCCTTCCTTGGA","18S.586","SeaGrass","Mason's Marina","Bare Sediment","RawSediment","MM.B.4.3.RS.RawSediment"
"18S-bodega-bay_CC.SG.4.1.RS","GCTTAATCGGTGCCA","TATGGTAATTCGGCTTGTCTCAAAGATTAAGCC","ATGAGACTCCACATC","AGTCAGCCAGTAGCCTGCTGCCTTCCTTGGA","18S.587","SeaGrass","Campbell Cove","Sea Grass","RawSediment","CC.SG.4.1.RS.RawSediment"
"18S-bodega-bay_CC.SG.4.2.RS","GCTTAATCGGTGCCA","TATGGTAATTCGGCTTGTCTCAAAGATTAAGCC","AAGGTGTAAGGTATC","AGTCAGCCAGTAGCCTGCTGCCTTCCTTGGA","18S.588","SeaGrass","Campbell Cove","Sea Grass","RawSediment","CC.SG.4.2.RS.RawSediment"
"18S-bodega-bay_CC.SG.4.3.RS","GCTTAATCGGTGCCA","TATGGTAATTCGGCTTGTCTCAAAGATTAAGCC","CCGGCGAGATTAATC","AGTCAGCCAGTAGCCTGCTGCCTTCCTTGGA","18S.589","SeaGrass","Campbell Cove","Sea Grass","RawSediment","CC.SG.4.3.RS.RawSediment"
"18S-bodega-bay_Blank11.RS","GCTTAATCGGTGCCA","TATGGTAATTCGGCTTGTCTCAAAGATTAAGCC","TTGCCACTAGATATC","AGTCAGCCAGTAGCCTGCTGCCTTCCTTGGA","18S.590","SeaGrass","Blank","Blank","SedimentBlank","Blank11.RS.SedimentBlank"
"18S-bodega-bay_NegtCtrl1.SeaGrass","GCTTAATCGGTGCCA","TATGGTAATTCGGCTTGTCTCAAAGATTAAGCC","GTCGTTAAGCGTATC","AGTCAGCCAGTAGCCTGCTGCCTTCCTTGGA","18S.591","SeaGrass","NegtCtrl","NegtCtrl","SedimentNegCtrl","NegtCtrl1.SeaGrass.SedimentNegCtrl"
"18S-bodega-bay_ZymoMock1.SeaGrass","GCTTAATCGGTGCCA","TATGGTAATTCGGCTTGTCTCAAAGATTAAGCC","CCATAATCCGTAATC","AGTCAGCCAGTAGCCTGCTGCCTTCCTTGGA","18S.592","SeaGrass","Mock","Mock","SedimentZymo","ZymoMock1.SeaGrass.SedimentZymo"
"18S-bodega-bay_NegtCtrl2.SeaGrass","GCTTAATCGGTGCCA","TATGGTAATTCGGCTTGTCTCAAAGATTAAGCC","TCTTGCATGTATATC","AGTCAGCCAGTAGCCTGCTGCCTTCCTTGGA","18S.593","SeaGrass","NegtCtrl","NegtCtrl","SedimentNegCtrl","NegtCtrl2.SeaGrass.SedimentNegCtrl"
"18S-bodega-bay_ZymoMock2.SeaGrass","GCTTAATCGGTGCCA","TATGGTAATTCGGCTTGTCTCAAAGATTAAGCC","CGGCGCAAGATTATC","AGTCAGCCAGTAGCCTGCTGCCTTCCTTGGA","18S.595","SeaGrass","Mock","Mock","SedimentZymo","ZymoMock2.SeaGrass.SedimentZymo"
"18S-bodega-bay_Blank12.RS","GCTAGCCCTGCTACA","TATGGTAATTCGGCTTGTCTCAAAGATTAAGCC","ATGAGACTCCACATC","AGTCAGCCAGTAGCCTGCTGCCTTCCTTGGA","18S.62","SeaGrass","Blank","Blank","SedimentBlank","Blank12.RS.SedimentBlank"
"18S-bodega-bay_CC.SG.1.1.LUD","GCTAGCCTTCGTCGC","TATGGTAATTCGGCTTGTCTCAAAGATTAAGCC","CCATAATCCGTAATC","AGTCAGCCAGTAGCCTGCTGCCTTCCTTGGA","18S.17","SeaGrass","Campbell Cove","Sea Grass","Ludox","CC.SG.1.1.LUD.Ludox"
"18S-bodega-bay_CC.SG.1.2.LUD","GCTAGCCTTCGTCGC","TATGGTAATTCGGCTTGTCTCAAAGATTAAGCC","TCTTGCATGTATATC","AGTCAGCCAGTAGCCTGCTGCCTTCCTTGGA","18S.18","SeaGrass","Campbell Cove","Sea Grass","Ludox","CC.SG.1.2.LUD.Ludox"
"18S-bodega-bay_CC.SG.1.3.LUD","GCTAGCCTTCGTCGC","TATGGTAATTCGGCTTGTCTCAAAGATTAAGCC","TTCTGCACTAAGATC","AGTCAGCCAGTAGCCTGCTGCCTTCCTTGGA","18S.19","SeaGrass","Campbell Cove","Sea Grass","Ludox","CC.SG.1.3.LUD.Ludox"
"18S-bodega-bay_CC.B.1.1.LUD","GCTAGCCTTCGTCGC","TATGGTAATTCGGCTTGTCTCAAAGATTAAGCC","ACCCTAGTTATTATC","AGTCAGCCAGTAGCCTGCTGCCTTCCTTGGA","18S.22","SeaGrass","Campbell Cove","Bare Sediment","Ludox","CC.B.1.1.LUD.Ludox"
"18S-bodega-bay_CC.B.1.2.LUD","GCTAGCCTTCGTCGC","TATGGTAATTCGGCTTGTCTCAAAGATTAAGCC","CTTAGCACATCAATC","AGTCAGCCAGTAGCCTGCTGCCTTCCTTGGA","18S.24","SeaGrass","Campbell Cove","Bare Sediment","Ludox","CC.B.1.2.LUD.Ludox"
"18S-bodega-bay_CC.B.1.3.LUD","GCTTCCATACCGGAA","TATGGTAATTCGGCTTGTCTCAAAGATTAAGCC","TATACGCGCATTATC","AGTCAGCCAGTAGCCTGCTGCCTTCCTTGGA","18S.33","SeaGrass","Campbell Cove","Bare Sediment","Ludox","CC.B.1.3.LUD.Ludox"
"18S-bodega-bay_WP.SG.1.1.LUD","GCTTCCATACCGGAA","TATGGTAATTCGGCTTGTCTCAAAGATTAAGCC","TCAAGAATCAAGATC","AGTCAGCCAGTAGCCTGCTGCCTTCCTTGGA","18S.34","SeaGrass","Westside Park","Sea Grass","Ludox","WP.SG.1.1.LUD.Ludox"
"18S-bodega-bay_WP.SG.1.2.LUD","GCTTCCATACCGGAA","TATGGTAATTCGGCTTGTCTCAAAGATTAAGCC","CTTCAAGATTTCATC","AGTCAGCCAGTAGCCTGCTGCCTTCCTTGGA","18S.35","SeaGrass","Westside Park","Sea Grass","Ludox","WP.SG.1.2.LUD.Ludox"
"18S-bodega-bay_WP.SG.1.3.LUD","GCTTCCATACCGGAA","TATGGTAATTCGGCTTGTCTCAAAGATTAAGCC","ATGAGACTCCACATC","AGTCAGCCAGTAGCCTGCTGCCTTCCTTGGA","18S.37","SeaGrass","Westside Park","Sea Grass","Ludox","WP.SG.1.3.LUD.Ludox"
"18S-bodega-bay_Blank1.LUD","GCTTCCATACCGGAA","TATGGTAATTCGGCTTGTCTCAAAGATTAAGCC","AAGGTGTAAGGTATC","AGTCAGCCAGTAGCCTGCTGCCTTCCTTGGA","18S.38","SeaGrass","Blank","Blank","LudoxBlank","Blank1.LUD.LudoxBlank"
"18S-bodega-bay_MM.SG.1.1.LUD","GCTTCCATACCGGAA","TATGGTAATTCGGCTTGTCTCAAAGATTAAGCC","CCGGCGAGATTAATC","AGTCAGCCAGTAGCCTGCTGCCTTCCTTGGA","18S.39","SeaGrass","Mason's Marina","Sea Grass","Ludox","MM.SG.1.1.LUD.Ludox"
"18S-bodega-bay_MM.SG.1.2.LUD","GCTTCCATACCGGAA","TATGGTAATTCGGCTTGTCTCAAAGATTAAGCC","TTGCCACTAGATATC","AGTCAGCCAGTAGCCTGCTGCCTTCCTTGGA","18S.40","SeaGrass","Mason's Marina","Sea Grass","Ludox","MM.SG.1.2.LUD.Ludox"
"18S-bodega-bay_MM.SG.1.3.LUD","GCTTCCATACCGGAA","TATGGTAATTCGGCTTGTCTCAAAGATTAAGCC","GTCGTTAAGCGTATC","AGTCAGCCAGTAGCCTGCTGCCTTCCTTGGA","18S.41","SeaGrass","Mason's Marina","Sea Grass","Ludox","MM.SG.1.3.LUD.Ludox"
"18S-bodega-bay_MM.B.1.1.LUD","GCTTCCATACCGGAA","TATGGTAATTCGGCTTGTCTCAAAGATTAAGCC","CCATAATCCGTAATC","AGTCAGCCAGTAGCCTGCTGCCTTCCTTGGA","18S.42","SeaGrass","Mason's Marina","Bare Sediment","Ludox","MM.B.1.1.LUD.Ludox"
"18S-bodega-bay_MM.B.1.2.LUD","GCTTATGGTACCCAG","TATGGTAATTCGGCTTGTCTCAAAGATTAAGCC","TTGCCACTAGATATC","AGTCAGCCAGTAGCCTGCTGCCTTCCTTGGA","18S.140","SeaGrass","Mason's Marina","Bare Sediment","Ludox","MM.B.1.2.LUD.Ludox"
"18S-bodega-bay_MM.B.1.3.LUD","GCTTCCATACCGGAA","TATGGTAATTCGGCTTGTCTCAAAGATTAAGCC","CGGCGCAAGATTATC","AGTCAGCCAGTAGCCTGCTGCCTTCCTTGGA","18S.45","SeaGrass","Mason's Marina","Bare Sediment","Ludox","MM.B.1.3.LUD.Ludox"
"18S-bodega-bay_MM.B.2.1.LUD","GCTTCCATACCGGAA","TATGGTAATTCGGCTTGTCTCAAAGATTAAGCC","TTCCCTGATCCTATC","AGTCAGCCAGTAGCCTGCTGCCTTCCTTGGA","18S.46","SeaGrass","Mason's Marina","Bare Sediment","Ludox","MM.B.2.1.LUD.Ludox"
"18S-bodega-bay_MM.B.2.2.LUD","GCTTCCATACCGGAA","TATGGTAATTCGGCTTGTCTCAAAGATTAAGCC","ACCCTAGTTATTATC","AGTCAGCCAGTAGCCTGCTGCCTTCCTTGGA","18S.47","SeaGrass","Mason's Marina","Bare Sediment","Ludox","MM.B.2.2.LUD.Ludox"
"18S-bodega-bay_MM.B.2.3.LUD","GCTTCCATACCGGAA","TATGGTAATTCGGCTTGTCTCAAAGATTAAGCC","GCTGCTGCAATAATC","AGTCAGCCAGTAGCCTGCTGCCTTCCTTGGA","18S.48","SeaGrass","Mason's Marina","Bare Sediment","Ludox","MM.B.2.3.LUD.Ludox"
"18S-bodega-bay_Blank2.LUD","GCTTCCATACCGGAA","TATGGTAATTCGGCTTGTCTCAAAGATTAAGCC","CTTAGCACATCAATC","AGTCAGCCAGTAGCCTGCTGCCTTCCTTGGA","18S.49","SeaGrass","Blank","Blank","LudoxBlank","Blank2.LUD.LudoxBlank"
"18S-bodega-bay_WP.MFL.1.1.LUD","GCTTCCATACCGGAA","TATGGTAATTCGGCTTGTCTCAAAGATTAAGCC","ATGGTCTACTACATC","AGTCAGCCAGTAGCCTGCTGCCTTCCTTGGA","18S.50","SeaGrass","Westside Park","Bare Sediment","Ludox","WP.MFL.1.1.LUD.Ludox"
"18S-bodega-bay_WP.MFL.1.2.LUD","GCTAGCCCTGCTACA","TATGGTAATTCGGCTTGTCTCAAAGATTAAGCC","TCGGGTGTCCCGATC","AGTCAGCCAGTAGCCTGCTGCCTTCCTTGGA","18S.51","SeaGrass","Westside Park","Bare Sediment","Ludox","WP.MFL.1.2.LUD.Ludox"
"18S-bodega-bay_WP.MFL.1.3.LUD","GCTAGCCCTGCTACA","TATGGTAATTCGGCTTGTCTCAAAGATTAAGCC","TTGCCACTAGATATC","AGTCAGCCAGTAGCCTGCTGCCTTCCTTGGA","18S.65","SeaGrass","Westside Park","Bare Sediment","Ludox","WP.MFL.1.3.LUD.Ludox"
"18S-bodega-bay_WP.MFH.1.1.LUD","GCTAGCCCTGCTACA","TATGGTAATTCGGCTTGTCTCAAAGATTAAGCC","GTCGTTAAGCGTATC","AGTCAGCCAGTAGCCTGCTGCCTTCCTTGGA","18S.66","SeaGrass","Westside Park","Bare Sediment","Ludox","WP.MFH.1.1.LUD.Ludox"
"18S-bodega-bay_WP.MFH.1.2.LUD","GCTAGCCCTGCTACA","TATGGTAATTCGGCTTGTCTCAAAGATTAAGCC","CCATAATCCGTAATC","AGTCAGCCAGTAGCCTGCTGCCTTCCTTGGA","18S.67","SeaGrass","Westside Park","Bare Sediment","Ludox","WP.MFH.1.2.LUD.Ludox"
"18S-bodega-bay_WP.MFH.1.3.LUD","GCTAGCCCTGCTACA","TATGGTAATTCGGCTTGTCTCAAAGATTAAGCC","TCTTGCATGTATATC","AGTCAGCCAGTAGCCTGCTGCCTTCCTTGGA","18S.68","SeaGrass","Westside Park","Bare Sediment","Ludox","WP.MFH.1.3.LUD.Ludox"
"18S-bodega-bay_WP.SG.2.1.LUD","GCTAGCCCTGCTACA","TATGGTAATTCGGCTTGTCTCAAAGATTAAGCC","TTCCCTGATCCTATC","AGTCAGCCAGTAGCCTGCTGCCTTCCTTGGA","18S.71","SeaGrass","Westside Park","Sea Grass","Ludox","WP.SG.2.1.LUD.Ludox"
"18S-bodega-bay_WP.SG.2.2.LUD","GCTAGCCCTGCTACA","TATGGTAATTCGGCTTGTCTCAAAGATTAAGCC","GCTGCTGCAATAATC","AGTCAGCCAGTAGCCTGCTGCCTTCCTTGGA","18S.73","SeaGrass","Westside Park","Sea Grass","Ludox","WP.SG.2.2.LUD.Ludox"
"18S-bodega-bay_WP.SG.2.3.LUD","GCTAGCCCTGCTACA","TATGGTAATTCGGCTTGTCTCAAAGATTAAGCC","ATGGTCTACTACATC","AGTCAGCCAGTAGCCTGCTGCCTTCCTTGGA","18S.75","SeaGrass","Westside Park","Sea Grass","Ludox","WP.SG.2.3.LUD.Ludox"
"18S-bodega-bay_Blank3.LUD","GCTCCTAACGGTCCA","TATGGTAATTCGGCTTGTCTCAAAGATTAAGCC","TCGGGTGTCCCGATC","AGTCAGCCAGTAGCCTGCTGCCTTCCTTGGA","18S.76","SeaGrass","Blank","Blank","LudoxBlank","Blank3.LUD.LudoxBlank"
"18S-bodega-bay_WP.MFL.2.1.1.LUD","GCTCCTAACGGTCCA","TATGGTAATTCGGCTTGTCTCAAAGATTAAGCC","TAGTATAGACAGATC","AGTCAGCCAGTAGCCTGCTGCCTTCCTTGGA","18S.77","SeaGrass","Westside Park","Bare Sediment","Ludox","WP.MFL.2.1.1.LUD.Ludox"
"18S-bodega-bay_WP.MFL.2.2.1.LUD","GCTCCTAACGGTCCA","TATGGTAATTCGGCTTGTCTCAAAGATTAAGCC","ATCTCTGGCATAATC","AGTCAGCCAGTAGCCTGCTGCCTTCCTTGGA","18S.78","SeaGrass","Westside Park","Bare Sediment","Ludox","WP.MFL.2.2.1.LUD.Ludox"
"18S-bodega-bay_WP.MFL.2.3.1.LUD","GCTTACAATATCTGT","TATGGTAATTCGGCTTGTCTCAAAGATTAAGCC","AGTAGGTCACCGATC","AGTCAGCCAGTAGCCTGCTGCCTTCCTTGGA","18S.157","SeaGrass","Westside Park","Bare Sediment","Ludox","WP.MFL.2.3.1.LUD.Ludox"
"18S-bodega-bay_Blank4.LUD","GCTCCTAACGGTCCA","TATGGTAATTCGGCTTGTCTCAAAGATTAAGCC","TCATGAGTTCTTATC","AGTCAGCCAGTAGCCTGCTGCCTTCCTTGGA","18S.80","SeaGrass","Blank","Blank","LudoxBlank","Blank4.LUD.LudoxBlank"
"18S-bodega-bay_WP.SG.3.1.LUD","GCTCCTAACGGTCCA","TATGGTAATTCGGCTTGTCTCAAAGATTAAGCC","AAGACGATATCAATC","AGTCAGCCAGTAGCCTGCTGCCTTCCTTGGA","18S.81","SeaGrass","Westside Park","Sea Grass","Ludox","WP.SG.3.1.LUD.Ludox"
"18S-bodega-bay_WP.SG.3.2.LUD","GCTCCTAACGGTCCA","TATGGTAATTCGGCTTGTCTCAAAGATTAAGCC","AGTAGGTCACCGATC","AGTCAGCCAGTAGCCTGCTGCCTTCCTTGGA","18S.82","SeaGrass","Westside Park","Sea Grass","Ludox","WP.SG.3.2.LUD.Ludox"
"18S-bodega-bay_WP.SG.3.3.LUD","GCTCCTAACGGTCCA","TATGGTAATTCGGCTTGTCTCAAAGATTAAGCC","TATACGCGCATTATC","AGTCAGCCAGTAGCCTGCTGCCTTCCTTGGA","18S.83","SeaGrass","Westside Park","Sea Grass","Ludox","WP.SG.3.3.LUD.Ludox"
"18S-bodega-bay_WP.MFH.2.1.1.LUD","GCTCCTAACGGTCCA","TATGGTAATTCGGCTTGTCTCAAAGATTAAGCC","CTTCAAGATTTCATC","AGTCAGCCAGTAGCCTGCTGCCTTCCTTGGA","18S.85","SeaGrass","Westside Park","Bare Sediment","Ludox","WP.MFH.2.1.1.LUD.Ludox"
"18S-bodega-bay_WP.MFH.2.2.LUD","GCTCCTAACGGTCCA","TATGGTAATTCGGCTTGTCTCAAAGATTAAGCC","ATGAGACTCCACATC","AGTCAGCCAGTAGCCTGCTGCCTTCCTTGGA","18S.87","SeaGrass","Westside Park","Bare Sediment","Ludox","WP.MFH.2.2.LUD.Ludox"
"18S-bodega-bay_WP.MFH.2.3.LUD","GCTCCTAACGGTCCA","TATGGTAATTCGGCTTGTCTCAAAGATTAAGCC","AAGGTGTAAGGTATC","AGTCAGCCAGTAGCCTGCTGCCTTCCTTGGA","18S.88","SeaGrass","Westside Park","Bare Sediment","Ludox","WP.MFH.2.3.LUD.Ludox"
"18S-bodega-bay_Blank5.LUD","GCTCCTAACGGTCCA","TATGGTAATTCGGCTTGTCTCAAAGATTAAGCC","CCGGCGAGATTAATC","AGTCAGCCAGTAGCCTGCTGCCTTCCTTGGA","18S.89","SeaGrass","Blank","Blank","LudoxBlank","Blank5.LUD.LudoxBlank"
"18S-bodega-bay_MM.SG.2.1.LUD","GCTCCTAACGGTCCA","TATGGTAATTCGGCTTGTCTCAAAGATTAAGCC","GTCGTTAAGCGTATC","AGTCAGCCAGTAGCCTGCTGCCTTCCTTGGA","18S.91","SeaGrass","Mason's Marina","Sea Grass","Ludox","MM.SG.2.1.LUD.Ludox"
"18S-bodega-bay_MM.SG.2.2.LUD","GCTCCTAACGGTCCA","TATGGTAATTCGGCTTGTCTCAAAGATTAAGCC","CCATAATCCGTAATC","AGTCAGCCAGTAGCCTGCTGCCTTCCTTGGA","18S.92","SeaGrass","Mason's Marina","Sea Grass","Ludox","MM.SG.2.2.LUD.Ludox"
"18S-bodega-bay_MM.SG.2.3.LUD","GCTCCTAACGGTCCA","TATGGTAATTCGGCTTGTCTCAAAGATTAAGCC","TTCTGCACTAAGATC","AGTCAGCCAGTAGCCTGCTGCCTTCCTTGGA","18S.94","SeaGrass","Mason's Marina","Sea Grass","Ludox","MM.SG.2.3.LUD.Ludox"
"18S-bodega-bay_CC.B.2.1.LUD","GCTCCTAACGGTCCA","TATGGTAATTCGGCTTGTCTCAAAGATTAAGCC","TTCCCTGATCCTATC","AGTCAGCCAGTAGCCTGCTGCCTTCCTTGGA","18S.96","SeaGrass","Campbell Cove","Bare Sediment","Ludox","CC.B.2.1.LUD.Ludox"
"18S-bodega-bay_CC.B.2.2.LUD","GCTCCTAACGGTCCA","TATGGTAATTCGGCTTGTCTCAAAGATTAAGCC","ACCCTAGTTATTATC","AGTCAGCCAGTAGCCTGCTGCCTTCCTTGGA","18S.97","SeaGrass","Campbell Cove","Bare Sediment","Ludox","CC.B.2.2.LUD.Ludox"
"18S-bodega-bay_CC.B.2.3.1.LUD","GCTCCTAACGGTCCA","TATGGTAATTCGGCTTGTCTCAAAGATTAAGCC","GCTGCTGCAATAATC","AGTCAGCCAGTAGCCTGCTGCCTTCCTTGGA","18S.98","SeaGrass","Campbell Cove","Bare Sediment","Ludox","CC.B.2.3.1.LUD.Ludox"
"18S-bodega-bay_Blank6.LUD","GCTCCTAACGGTCCA","TATGGTAATTCGGCTTGTCTCAAAGATTAAGCC","CTTAGCACATCAATC","AGTCAGCCAGTAGCCTGCTGCCTTCCTTGGA","18S.99","SeaGrass","Blank","Blank","LudoxBlank","Blank6.LUD.LudoxBlank"
"18S-bodega-bay_CC.SG.2.1.LUD","GCTCCTAACGGTCCA","TATGGTAATTCGGCTTGTCTCAAAGATTAAGCC","ATGGTCTACTACATC","AGTCAGCCAGTAGCCTGCTGCCTTCCTTGGA","18S.100","SeaGrass","Campbell Cove","Sea Grass","Ludox","CC.SG.2.1.LUD.Ludox"
"18S-bodega-bay_CC.SG.2.2.LUD","GCTCGCGCCTTAAAC","TATGGTAATTCGGCTTGTCTCAAAGATTAAGCC","TCGGGTGTCCCGATC","AGTCAGCCAGTAGCCTGCTGCCTTCCTTGGA","18S.101","SeaGrass","Campbell Cove","Sea Grass","Ludox","CC.SG.2.2.LUD.Ludox"
"18S-bodega-bay_CC.SG.2.3.LUD","GCTCGCGCCTTAAAC","TATGGTAATTCGGCTTGTCTCAAAGATTAAGCC","TAGTATAGACAGATC","AGTCAGCCAGTAGCCTGCTGCCTTCCTTGGA","18S.102","SeaGrass","Campbell Cove","Sea Grass","Ludox","CC.SG.2.3.LUD.Ludox"
"18S-bodega-bay_MM.B.3.1.LUD","GCTCGCGCCTTAAAC","TATGGTAATTCGGCTTGTCTCAAAGATTAAGCC","ATCTCTGGCATAATC","AGTCAGCCAGTAGCCTGCTGCCTTCCTTGGA","18S.103","SeaGrass","Mason's Marina","Bare Sediment","Ludox","MM.B.3.1.LUD.Ludox"
"18S-bodega-bay_MM.B.3.2.LUD","GCTCGCGCCTTAAAC","TATGGTAATTCGGCTTGTCTCAAAGATTAAGCC","TCATGAGTTCTTATC","AGTCAGCCAGTAGCCTGCTGCCTTCCTTGGA","18S.105","SeaGrass","Mason's Marina","Bare Sediment","Ludox","MM.B.3.2.LUD.Ludox"
"18S-bodega-bay_MM.B.3.3.LUD","GCTTACAATATCTGT","TATGGTAATTCGGCTTGTCTCAAAGATTAAGCC","CTTAGCACATCAATC","AGTCAGCCAGTAGCCTGCTGCCTTCCTTGGA","18S.174","SeaGrass","Mason's Marina","Bare Sediment","Ludox","MM.B.3.3.LUD.Ludox"
"18S-bodega-bay_Blank7.LUD","GCTCGCGCCTTAAAC","TATGGTAATTCGGCTTGTCTCAAAGATTAAGCC","TATACGCGCATTATC","AGTCAGCCAGTAGCCTGCTGCCTTCCTTGGA","18S.108","SeaGrass","Blank","Blank","LudoxBlank","Blank7.LUD.LudoxBlank"
"18S-bodega-bay_CC.SG.3.1.LUD","GCTCGCGCCTTAAAC","TATGGTAATTCGGCTTGTCTCAAAGATTAAGCC","TCAAGAATCAAGATC","AGTCAGCCAGTAGCCTGCTGCCTTCCTTGGA","18S.109","SeaGrass","Campbell Cove","Sea Grass","Ludox","CC.SG.3.1.LUD.Ludox"
"18S-bodega-bay_CC.SG.3.2.LUD","GCTCGCGCCTTAAAC","TATGGTAATTCGGCTTGTCTCAAAGATTAAGCC","GAACTGTATCTCATC","AGTCAGCCAGTAGCCTGCTGCCTTCCTTGGA","18S.111","SeaGrass","Campbell Cove","Sea Grass","Ludox","CC.SG.3.2.LUD.Ludox"
"18S-bodega-bay_CC.SG.3.3.LUD","GCTCGCGCCTTAAAC","TATGGTAATTCGGCTTGTCTCAAAGATTAAGCC","ATGAGACTCCACATC","AGTCAGCCAGTAGCCTGCTGCCTTCCTTGGA","18S.112","SeaGrass","Campbell Cove","Sea Grass","Ludox","CC.SG.3.3.LUD.Ludox"
"18S-bodega-bay_MM.SG.3.1.LUD","GCTCGCGCCTTAAAC","TATGGTAATTCGGCTTGTCTCAAAGATTAAGCC","TTCCCTGATCCTATC","AGTCAGCCAGTAGCCTGCTGCCTTCCTTGGA","18S.121","SeaGrass","Mason's Marina","Sea Grass","Ludox","MM.SG.3.1.LUD.Ludox"
"18S-bodega-bay_MM.SG.3.2.LUD","GCTCGCGCCTTAAAC","TATGGTAATTCGGCTTGTCTCAAAGATTAAGCC","ACCCTAGTTATTATC","AGTCAGCCAGTAGCCTGCTGCCTTCCTTGGA","18S.122","SeaGrass","Mason's Marina","Sea Grass","Ludox","MM.SG.3.2.LUD.Ludox"
"18S-bodega-bay_MM.SG.3.3.LUD","GCTCGCGCCTTAAAC","TATGGTAATTCGGCTTGTCTCAAAGATTAAGCC","GCTGCTGCAATAATC","AGTCAGCCAGTAGCCTGCTGCCTTCCTTGGA","18S.123","SeaGrass","Mason's Marina","Sea Grass","Ludox","MM.SG.3.3.LUD.Ludox"
"18S-bodega-bay_WP.MFH.3.1.1.LUD","GCTCGCGCCTTAAAC","TATGGTAATTCGGCTTGTCTCAAAGATTAAGCC","CTTAGCACATCAATC","AGTCAGCCAGTAGCCTGCTGCCTTCCTTGGA","18S.124","SeaGrass","Westside Park","Bare Sediment","Ludox","WP.MFH.3.1.1.LUD.Ludox"
"18S-bodega-bay_WP.MFH.3.2.LUD","GCTCGCGCCTTAAAC","TATGGTAATTCGGCTTGTCTCAAAGATTAAGCC","ATGGTCTACTACATC","AGTCAGCCAGTAGCCTGCTGCCTTCCTTGGA","18S.125","SeaGrass","Westside Park","Bare Sediment","Ludox","WP.MFH.3.2.LUD.Ludox"
"18S-bodega-bay_WP.MFH.3.3.LUD","GCTTATGGTACCCAG","TATGGTAATTCGGCTTGTCTCAAAGATTAAGCC","TCGGGTGTCCCGATC","AGTCAGCCAGTAGCCTGCTGCCTTCCTTGGA","18S.126","SeaGrass","Westside Park","Bare Sediment","Ludox","WP.MFH.3.3.LUD.Ludox"
"18S-bodega-bay_Blank8.LUD","GCTTATGGTACCCAG","TATGGTAATTCGGCTTGTCTCAAAGATTAAGCC","ATCTCTGGCATAATC","AGTCAGCCAGTAGCCTGCTGCCTTCCTTGGA","18S.128","SeaGrass","Blank","Blank","LudoxBlank","Blank8.LUD.LudoxBlank"
"18S-bodega-bay_WP.MFL.3.1.LUD","GCTTATGGTACCCAG","TATGGTAATTCGGCTTGTCTCAAAGATTAAGCC","TCATTCCAAACGATC","AGTCAGCCAGTAGCCTGCTGCCTTCCTTGGA","18S.129","SeaGrass","Westside Park","Bare Sediment","Ludox","WP.MFL.3.1.LUD.Ludox"
"18S-bodega-bay_WP.MFL.3.2.LUD","GCTCGTCCGTATGAA","TATGGTAATTCGGCTTGTCTCAAAGATTAAGCC","GAACTGTATCTCATC","AGTCAGCCAGTAGCCTGCTGCCTTCCTTGGA","18S.411","SeaGrass","Westside Park","Bare Sediment","Ludox","WP.MFL.3.2.LUD.Ludox"
"18S-bodega-bay_WP.MFL.3.3.LUD","GCTTATGGTACCCAG","TATGGTAATTCGGCTTGTCTCAAAGATTAAGCC","AAGACGATATCAATC","AGTCAGCCAGTAGCCTGCTGCCTTCCTTGGA","18S.131","SeaGrass","Westside Park","Bare Sediment","Ludox","WP.MFL.3.3.LUD.Ludox"
"18S-bodega-bay_WP.MFL.4.1.1.LUD","GCTTATGGTACCCAG","TATGGTAATTCGGCTTGTCTCAAAGATTAAGCC","TATACGCGCATTATC","AGTCAGCCAGTAGCCTGCTGCCTTCCTTGGA","18S.133","SeaGrass","Westside Park","Bare Sediment","Ludox","WP.MFL.4.1.1.LUD.Ludox"
"18S-bodega-bay_WP.MFL.4.2.LUD","GCTTATGGTACCCAG","TATGGTAATTCGGCTTGTCTCAAAGATTAAGCC","TCAAGAATCAAGATC","AGTCAGCCAGTAGCCTGCTGCCTTCCTTGGA","18S.134","SeaGrass","Westside Park","Bare Sediment","Ludox","WP.MFL.4.2.LUD.Ludox"
"18S-bodega-bay_WP.MFL.4.3.1.2.LUD","GCTTATGGTACCCAG","TATGGTAATTCGGCTTGTCTCAAAGATTAAGCC","CTTCAAGATTTCATC","AGTCAGCCAGTAGCCTGCTGCCTTCCTTGGA","18S.135","SeaGrass","Westside Park","Bare Sediment","Ludox","WP.MFL.4.3.1.2.LUD.Ludox"
"18S-bodega-bay_CC.B.3.1.LUD","GCTTATGGTACCCAG","TATGGTAATTCGGCTTGTCTCAAAGATTAAGCC","GAACTGTATCTCATC","AGTCAGCCAGTAGCCTGCTGCCTTCCTTGGA","18S.136","SeaGrass","Campbell Cove","Bare Sediment","Ludox","CC.B.3.1.LUD.Ludox"
"18S-bodega-bay_CC.B.3.2.LUD","GCTTATGGTACCCAG","TATGGTAATTCGGCTTGTCTCAAAGATTAAGCC","ATGAGACTCCACATC","AGTCAGCCAGTAGCCTGCTGCCTTCCTTGGA","18S.137","SeaGrass","Campbell Cove","Bare Sediment","Ludox","CC.B.3.2.LUD.Ludox"
"18S-bodega-bay_CC.B.3.3.LUD","GCTTATGGTACCCAG","TATGGTAATTCGGCTTGTCTCAAAGATTAAGCC","CCGGCGAGATTAATC","AGTCAGCCAGTAGCCTGCTGCCTTCCTTGGA","18S.139","SeaGrass","Campbell Cove","Bare Sediment","Ludox","CC.B.3.3.LUD.Ludox"
"18S-bodega-bay_WP.SG.4.1.LUD","GCTTATGGTACCCAG","TATGGTAATTCGGCTTGTCTCAAAGATTAAGCC","GTCGTTAAGCGTATC","AGTCAGCCAGTAGCCTGCTGCCTTCCTTGGA","18S.141","SeaGrass","Westside Park","Sea Grass","Ludox","WP.SG.4.1.LUD.Ludox"
"18S-bodega-bay_WP.SG.4.2.LUD","GCTTATGGTACCCAG","TATGGTAATTCGGCTTGTCTCAAAGATTAAGCC","CCATAATCCGTAATC","AGTCAGCCAGTAGCCTGCTGCCTTCCTTGGA","18S.142","SeaGrass","Westside Park","Sea Grass","Ludox","WP.SG.4.2.LUD.Ludox"
"18S-bodega-bay_WP.SG.4.3.LUD","GCTTACAATATCTGT","TATGGTAATTCGGCTTGTCTCAAAGATTAAGCC","TAGTATAGACAGATC","AGTCAGCCAGTAGCCTGCTGCCTTCCTTGGA","18S.152","SeaGrass","Westside Park","Sea Grass","Ludox","WP.SG.4.3.LUD.Ludox"
"18S-bodega-bay_CC.B.4.1.LUD","GCTTACAATATCTGT","TATGGTAATTCGGCTTGTCTCAAAGATTAAGCC","ATCTCTGGCATAATC","AGTCAGCCAGTAGCCTGCTGCCTTCCTTGGA","18S.153","SeaGrass","Campbell Cove","Bare Sediment","Ludox","CC.B.4.1.LUD.Ludox"
"18S-bodega-bay_CC.B.4.2.LUD","GCTTACAATATCTGT","TATGGTAATTCGGCTTGTCTCAAAGATTAAGCC","TCATTCCAAACGATC","AGTCAGCCAGTAGCCTGCTGCCTTCCTTGGA","18S.154","SeaGrass","Campbell Cove","Bare Sediment","Ludox","CC.B.4.2.LUD.Ludox"
"18S-bodega-bay_CC.B.4.3.LUD","GCTTACAATATCTGT","TATGGTAATTCGGCTTGTCTCAAAGATTAAGCC","AAGACGATATCAATC","AGTCAGCCAGTAGCCTGCTGCCTTCCTTGGA","18S.156","SeaGrass","Campbell Cove","Bare Sediment","Ludox","CC.B.4.3.LUD.Ludox"
"18S-bodega-bay_MM.SG.4.1.LUD","GCTTACAATATCTGT","TATGGTAATTCGGCTTGTCTCAAAGATTAAGCC","TCAAGAATCAAGATC","AGTCAGCCAGTAGCCTGCTGCCTTCCTTGGA","18S.159","SeaGrass","Mason's Marina","Sea Grass","Ludox","MM.SG.4.1.LUD.Ludox"
"18S-bodega-bay_MM.SG.4.2.LUD","GCTTACAATATCTGT","TATGGTAATTCGGCTTGTCTCAAAGATTAAGCC","GAACTGTATCTCATC","AGTCAGCCAGTAGCCTGCTGCCTTCCTTGGA","18S.161","SeaGrass","Mason's Marina","Sea Grass","Ludox","MM.SG.4.2.LUD.Ludox"
"18S-bodega-bay_MM.SG.4.3.LUD","GCTTACAATATCTGT","TATGGTAATTCGGCTTGTCTCAAAGATTAAGCC","ATGAGACTCCACATC","AGTCAGCCAGTAGCCTGCTGCCTTCCTTGGA","18S.162","SeaGrass","Mason's Marina","Sea Grass","Ludox","MM.SG.4.3.LUD.Ludox"
"18S-bodega-bay_WP.MFH.4.1.1.LUD","GCTTACAATATCTGT","TATGGTAATTCGGCTTGTCTCAAAGATTAAGCC","AAGGTGTAAGGTATC","AGTCAGCCAGTAGCCTGCTGCCTTCCTTGGA","18S.163","SeaGrass","Westside Park","Bare Sediment","Ludox","WP.MFH.4.1.1.LUD.Ludox"
"18S-bodega-bay_WP.MFH.4.2.LUD","GCTTACAATATCTGT","TATGGTAATTCGGCTTGTCTCAAAGATTAAGCC","CCGGCGAGATTAATC","AGTCAGCCAGTAGCCTGCTGCCTTCCTTGGA","18S.164","SeaGrass","Westside Park","Bare Sediment","Ludox","WP.MFH.4.2.LUD.Ludox"
"18S-bodega-bay_WP.MFH.4.3.LUD","GCTTACAATATCTGT","TATGGTAATTCGGCTTGTCTCAAAGATTAAGCC","TTGCCACTAGATATC","AGTCAGCCAGTAGCCTGCTGCCTTCCTTGGA","18S.165","SeaGrass","Westside Park","Bare Sediment","Ludox","WP.MFH.4.3.LUD.Ludox"
"18S-bodega-bay_MM.B.4.1.LUD","GCTTACAATATCTGT","TATGGTAATTCGGCTTGTCTCAAAGATTAAGCC","GTCGTTAAGCGTATC","AGTCAGCCAGTAGCCTGCTGCCTTCCTTGGA","18S.166","SeaGrass","Mason's Marina","Bare Sediment","Ludox","MM.B.4.1.LUD.Ludox"
"18S-bodega-bay_MM.B.4.2.LUD","GCTTACAATATCTGT","TATGGTAATTCGGCTTGTCTCAAAGATTAAGCC","TCTTGCATGTATATC","AGTCAGCCAGTAGCCTGCTGCCTTCCTTGGA","18S.168","SeaGrass","Mason's Marina","Bare Sediment","Ludox","MM.B.4.2.LUD.Ludox"
"18S-bodega-bay_MM.B.4.3.LUD","GCTTACAATATCTGT","TATGGTAATTCGGCTTGTCTCAAAGATTAAGCC","TTCTGCACTAAGATC","AGTCAGCCAGTAGCCTGCTGCCTTCCTTGGA","18S.169","SeaGrass","Mason's Marina","Bare Sediment","Ludox","MM.B.4.3.LUD.Ludox"
"18S-bodega-bay_CC.SG.4.1.LUD","GCTTACAATATCTGT","TATGGTAATTCGGCTTGTCTCAAAGATTAAGCC","CGGCGCAAGATTATC","AGTCAGCCAGTAGCCTGCTGCCTTCCTTGGA","18S.170","SeaGrass","Campbell Cove","Sea Grass","Ludox","CC.SG.4.1.LUD.Ludox"
"18S-bodega-bay_CC.SG.4.2.LUD","GCTTACAATATCTGT","TATGGTAATTCGGCTTGTCTCAAAGATTAAGCC","ACCCTAGTTATTATC","AGTCAGCCAGTAGCCTGCTGCCTTCCTTGGA","18S.172","SeaGrass","Campbell Cove","Sea Grass","Ludox","CC.SG.4.2.LUD.Ludox"
"18S-bodega-bay_CC.SG.4.3.LUD","GCTTACAATATCTGT","TATGGTAATTCGGCTTGTCTCAAAGATTAAGCC","GCTGCTGCAATAATC","AGTCAGCCAGTAGCCTGCTGCCTTCCTTGGA","18S.173","SeaGrass","Campbell Cove","Sea Grass","Ludox","CC.SG.4.3.LUD.Ludox"
"18S-bodega-bay_NegtCtrl1.Lud","GCTTACAATATCTGT","TATGGTAATTCGGCTTGTCTCAAAGATTAAGCC","ATGGTCTACTACATC","AGTCAGCCAGTAGCCTGCTGCCTTCCTTGGA","18S.175","SeaGrass","NegtCtrl","NegtCtrl","LudoxNegCtrl","NegtCtrl1.Lud.LudoxNegCtrl"
"18S-bodega-bay_ZymoMock1.Lud","GCTAATTTAGGTAGG","TATGGTAATTCGGCTTGTCTCAAAGATTAAGCC","TCGGGTGTCCCGATC","AGTCAGCCAGTAGCCTGCTGCCTTCCTTGGA","18S.176","SeaGrass","Mock","Mock","LudoxZymo","ZymoMock1.Lud.LudoxZymo"
"18S-bodega-bay_NegtCtrl2.Lud","GCTAATTTAGGTAGG","TATGGTAATTCGGCTTGTCTCAAAGATTAAGCC","TAGTATAGACAGATC","AGTCAGCCAGTAGCCTGCTGCCTTCCTTGGA","18S.177","SeaGrass","NegtCtrl","NegtCtrl","LudoxNegCtrl","NegtCtrl2.Lud.LudoxNegCtrl"
"18S-bodega-bay_ZymoMock2.Lud","GCTAATTTAGGTAGG","TATGGTAATTCGGCTTGTCTCAAAGATTAAGCC","ATCTCTGGCATAATC","AGTCAGCCAGTAGCCTGCTGCCTTCCTTGGA","18S.178","SeaGrass","Mock","Mock","LudoxZymo","ZymoMock2.Lud.LudoxZymo"
